snp	chr	pos	ea	oa	eaf	beta	se	pvalue	clumping_r2	clumping_kb	f_stat
rs9471075	6	39307032	C	A	NA	0.0357955	0.00621232	8.31113e-09	NA	NA	33.2008520597691
rs16891597	6	39070211	A	G	NA	0.0264201	0.00491768	7.76676e-08	NA	NA	28.8634595313746
