snp	beta_x	se_x	beta_y	se_y	wald_beta	wald_se	wald_ci_lower	wald_ci_upper	wald_or	wald_or_ci_lower	wald_or_ci_upper	wald_pvalue
rs28421305	0.0232506	0.00226345	0.0479	0.0342	2.06016188829536	1.48453951924354	-0.849535569421976	4.96985934601269	7.84724008381489	0.427613482615559	144.006630839545	0.165214791453235
rs8050500	-0.0261764	0.00202389	-0.0589	0.0321	2.25011842728565	1.23857465908248	-0.177487904516009	4.6777247590873	9.48885950969604	0.837371127683569	107.525148429494	0.0692630810322203
