snp	chr	pos	ea	oa	eaf	beta	se	pvalue	clumping_r2	clumping_kb	f_stat
rs8050500	16	31404571	C	T	NA	-0.0261764	0.00202389	2.90335e-38	NA	NA	167.28077343584
rs28421305	16	30838128	A	G	NA	0.0232506	0.00226345	9.40589e-25	NA	NA	105.517992180678
