snp	beta_x	se_x	beta_y	se_y	wald_beta	wald_se	wald_ci_lower	wald_ci_upper	wald_or	wald_or_ci_lower	wald_or_ci_upper	wald_pvalue
rs10407429	-0.0254364	0.00203485	-0.0676	0.0323	2.65760878111682	1.28750826739464	0.134092577023329	5.18112498521032	14.2621443822406	1.14349867644826	177.882814006983	0.0390036002371107
rs17561351	0.0321246	0.00414271	-0.0237	0.0701	-0.737752376683289	2.18420133309329	-5.01878698954614	3.54328223617956	0.478187493930259	0.00661254293015293	34.5802336206555	0.735538350431864
