snp	beta_x	se_x	beta_y	se_y	wald_beta	wald_se	wald_ci_lower	wald_ci_upper	wald_or	wald_or_ci_lower	wald_or_ci_upper	wald_pvalue
rs10407429	-0.0254364	0.00203485	-0.00624559	0.00788298	0.245537497444607	0.310531275789304	-0.36310380310243	0.854178797991644	1.27830821598362	0.695514233216661	2.34944421984558	0.429118291002576
rs17561351	0.0321246	0.00414271	-0.0264908	0.0171133	-0.82462661013678	0.543226754441142	-1.88935104884142	0.240097828567858	0.438398655522006	0.151169878879637	1.27137352088857	0.129010501983147
