snp	beta_x	se_x	beta_y	se_y	wald_beta	wald_se	wald_ci_lower	wald_ci_upper	wald_or	wald_or_ci_lower	wald_or_ci_upper	wald_pvalue
rs10407429	-0.0254364	0.00203485	-0.00152815	0.000407891	0.0600772908115928	0.0167404396833568	0.0272660290322136	0.0928885525909721	1.06191861992554	1.02764114878316	1.09733943281645	0.000332264389543875
rs17561351	0.0321246	0.00414271	-0.0013916	0.000826894	-0.0433188273161378	0.0263394215812332	-0.0949440936153548	0.0083064389830792	0.957606030430521	0.909423775642452	1.00834103316585	0.100044378321731
