snp	beta_x	se_x	beta_y	se_y	wald_beta	wald_se	wald_ci_lower	wald_ci_upper	wald_or	wald_or_ci_lower	wald_or_ci_upper	wald_pvalue
rs10407429	-0.0254364	0.00203485	-0.0191	0.0267	0.7508924218836	1.0513942282133	-1.30984026541446	2.81162510918166	2.11889011701312	0.269863159421994	16.6369330945065	0.475111359057639
rs17561351	0.0321246	0.00414271	0.0358	0.0582	1.11441076309121	1.81738669395308	-2.44766715705683	4.67648868323926	3.04777179035692	0.0864951308779642	107.392321299579	0.539748018231822
