snp	beta_x	se_x	beta_y	se_y	wald_beta	wald_se	wald_ci_lower	wald_ci_upper	wald_or	wald_or_ci_lower	wald_or_ci_upper	wald_pvalue
rs10407429	-0.0254364	0.00203485	-0.0225036	0.00698521	0.88470066518847	0.283588067184786	0.32886805350629	1.44053327687065	2.42225921644987	1.38939451775749	4.22294721671015	0.00181054879722642
