snp	chr	pos	ea	oa	eaf	beta	se	pvalue	clumping_r2	clumping_kb	f_stat
rs10407429	19	46157237	A	G	NA	-0.0254364	0.00203485	7.43019e-36	NA	NA	156.259521731415
rs17561351	19	45372329	G	A	NA	0.0321246	0.00414271	8.86952e-15	NA	NA	60.1321029261292
